{
  "500px": 62062,
  "accessible-icon": 62312,
  "accusoft": 62313,
  "address-book": 62137,
  "address-card": 62139,
  "adjust": 61506,
  "adn": 61808,
  "adversal": 62314,
  "affiliatetheme": 62315,
  "alarm-clock": 62286,
  "algolia": 62316,
  "align-center": 61495,
  "align-justify": 61497,
  "align-left": 61494,
  "align-right": 61496,
  "amazon": 62064,
  "amazon-pay": 62508,
  "ambulance": 61689,
  "american-sign-language-interpreting": 62115,
  "amilia": 62317,
  "anchor": 61757,
  "android": 61819,
  "angellist": 61961,
  "angle-double-down": 61699,
  "angle-double-left": 61696,
  "angle-double-right": 61697,
  "angle-double-up": 61698,
  "angle-down": 61703,
  "angle-left": 61700,
  "angle-right": 61701,
  "angle-up": 61702,
  "angrycreative": 62318,
  "angular": 62496,
  "app-store": 62319,
  "app-store-ios": 62320,
  "apper": 62321,
  "apple": 61817,
  "apple-pay": 62485,
  "archive": 61831,
  "arrow-alt-circle-down": 62296,
  "arrow-alt-circle-left": 62297,
  "arrow-alt-circle-right": 62298,
  "arrow-alt-circle-up": 62299,
  "arrow-alt-down": 62292,
  "arrow-alt-from-bottom": 62278,
  "arrow-alt-from-left": 62279,
  "arrow-alt-from-right": 62280,
  "arrow-alt-from-top": 62281,
  "arrow-alt-left": 62293,
  "arrow-alt-right": 62294,
  "arrow-alt-square-down": 62288,
  "arrow-alt-square-left": 62289,
  "arrow-alt-square-right": 62290,
  "arrow-alt-square-up": 62291,
  "arrow-alt-to-bottom": 62282,
  "arrow-alt-to-left": 62283,
  "arrow-alt-to-right": 62284,
  "arrow-alt-to-top": 62285,
  "arrow-alt-up": 62295,
  "arrow-circle-down": 61611,
  "arrow-circle-left": 61608,
  "arrow-circle-right": 61609,
  "arrow-circle-up": 61610,
  "arrow-down": 61539,
  "arrow-from-bottom": 62274,
  "arrow-from-left": 62275,
  "arrow-from-right": 62276,
  "arrow-from-top": 62277,
  "arrow-left": 61536,
  "arrow-right": 61537,
  "arrow-square-down": 62265,
  "arrow-square-left": 62266,
  "arrow-square-right": 62267,
  "arrow-square-up": 62268,
  "arrow-to-bottom": 62269,
  "arrow-to-left": 62270,
  "arrow-to-right": 62272,
  "arrow-to-top": 62273,
  "arrow-up": 61538,
  "arrows": 61511,
  "arrows-alt": 61618,
  "arrows-alt-h": 62263,
  "arrows-alt-v": 62264,
  "arrows-h": 61566,
  "arrows-v": 61565,
  "assistive-listening-systems": 62114,
  "asterisk": 61545,
  "asymmetrik": 62322,
  "at": 61946,
  "audible": 62323,
  "audio-description": 62110,
  "autoprefixer": 62492,
  "avianex": 62324,
  "aviato": 62497,
  "aws": 62325,
  "backward": 61514,
  "badge": 62261,
  "badge-check": 62262,
  "balance-scale": 62030,
  "ban": 61534,
  "bandcamp": 62165,
  "barcode": 61482,
  "bars": 61641,
  "bath": 62157,
  "battery-bolt": 62326,
  "battery-empty": 62020,
  "battery-full": 62016,
  "battery-half": 62018,
  "battery-quarter": 62019,
  "battery-slash": 62327,
  "battery-three-quarters": 62017,
  "bed": 62006,
  "beer": 61692,
  "behance": 61876,
  "behance-square": 61877,
  "bell": 61683,
  "bell-slash": 61942,
  "bicycle": 61958,
  "bimobject": 62328,
  "binoculars": 61925,
  "birthday-cake": 61949,
  "bitbucket": 61809,
  "bitcoin": 62329,
  "bity": 62330,
  "black-tie": 62078,
  "blackberry": 62331,
  "blind": 62109,
  "blogger": 62332,
  "blogger-b": 62333,
  "bluetooth": 62099,
  "bluetooth-b": 62100,
  "bold": 61490,
  "bolt": 61671,
  "bomb": 61922,
  "book": 61485,
  "bookmark": 61486,
  "braille": 62113,
  "briefcase": 61617,
  "browser": 62334,
  "btc": 61786,
  "bug": 61832,
  "building": 61869,
  "bullhorn": 61601,
  "bullseye": 61760,
  "buromobelexperte": 62335,
  "bus": 61959,
  "buysellads": 61965,
  "calculator": 61932,
  "calendar": 61747,
  "calendar-alt": 61555,
  "calendar-check": 62068,
  "calendar-edit": 62259,
  "calendar-exclamation": 62260,
  "calendar-minus": 62066,
  "calendar-plus": 62065,
  "calendar-times": 62067,
  "camera": 61488,
  "camera-alt": 62258,
  "camera-retro": 61571,
  "car": 61881,
  "caret-circle-down": 62253,
  "caret-circle-left": 62254,
  "caret-circle-right": 62256,
  "caret-circle-up": 62257,
  "caret-down": 61655,
  "caret-left": 61657,
  "caret-right": 61658,
  "caret-square-down": 61776,
  "caret-square-left": 61841,
  "caret-square-right": 61778,
  "caret-square-up": 61777,
  "caret-up": 61656,
  "cart-arrow-down": 61976,
  "cart-plus": 61975,
  "cc-amazon-pay": 62509,
  "cc-amex": 61939,
  "cc-apple-pay": 62486,
  "cc-diners-club": 62028,
  "cc-discover": 61938,
  "cc-jcb": 62027,
  "cc-mastercard": 61937,
  "cc-paypal": 61940,
  "cc-stripe": 61941,
  "cc-visa": 61936,
  "centercode": 62336,
  "certificate": 61603,
  "chart-area": 61950,
  "chart-bar": 61568,
  "chart-line": 61953,
  "chart-pie": 61952,
  "check": 61452,
  "check-circle": 61528,
  "check-square": 61770,
  "chevron-circle-down": 61754,
  "chevron-circle-left": 61751,
  "chevron-circle-right": 61752,
  "chevron-circle-up": 61753,
  "chevron-double-down": 62242,
  "chevron-double-left": 62243,
  "chevron-double-right": 62244,
  "chevron-double-up": 62245,
  "chevron-down": 61560,
  "chevron-left": 61523,
  "chevron-right": 61524,
  "chevron-square-down": 62249,
  "chevron-square-left": 62250,
  "chevron-square-right": 62251,
  "chevron-square-up": 62252,
  "chevron-up": 61559,
  "child": 61870,
  "chrome": 62056,
  "circle": 61713,
  "circle-notch": 61902,
  "clipboard": 62248,
  "clock": 61463,
  "clone": 62029,
  "closed-captioning": 61962,
  "cloud": 61634,
  "cloud-download": 61677,
  "cloud-download-alt": 62337,
  "cloud-upload": 61678,
  "cloud-upload-alt": 62338,
  "cloudscale": 62339,
  "cloudsmith": 62340,
  "cloudversify": 62341,
  "club": 62247,
  "code": 61729,
  "code-branch": 61734,
  "code-commit": 62342,
  "code-merge": 62343,
  "codepen": 61899,
  "codiepie": 62084,
  "coffee": 61684,
  "cog": 61459,
  "cogs": 61573,
  "columns": 61659,
  "comment": 61557,
  "comment-alt": 62074,
  "comments": 61574,
  "comment-dots": 62637,
  "compass": 61774,
  "compress": 61542,
  "compress-alt": 62498,
  "compress-wide": 62246,
  "connectdevelop": 61966,
  "contao": 62061,
  "copy": 61637,
  "copyright": 61945,
  "cpanel": 62344,
  "creative-commons": 62046,
  "credit-card": 61597,
  "credit-card-blank": 62345,
  "credit-card-front": 62346,
  "crop": 61733,
  "crosshairs": 61531,
  "css3": 61756,
  "css3-alt": 62347,
  "cube": 61874,
  "cubes": 61875,
  "cut": 61636,
  "cuttlefish": 62348,
  "d-and-d": 62349,
  "dashcube": 61968,
  "database": 61888,
  "deaf": 62116,
  "delicious": 61861,
  "deploydog": 62350,
  "deskpro": 62351,
  "desktop": 61704,
  "desktop-alt": 62352,
  "deviantart": 61885,
  "diamond": 61977,
  "digg": 61862,
  "digital-ocean": 62353,
  "discord": 62354,
  "discourse": 62355,
  "dochub": 62356,
  "docker": 62357,
  "dollar-sign": 61781,
  "dot-circle": 61842,
  "download": 61465,
  "draft2digital": 62358,
  "dribbble": 61821,
  "dribbble-square": 62359,
  "dropbox": 61803,
  "drupal": 61865,
  "dyalog": 62361,
  "earlybirds": 62362,
  "edge": 62082,
  "edit": 61508,
  "eject": 61522,
  "ellipsis-h": 61761,
  "ellipsis-h-alt": 62363,
  "ellipsis-v": 61762,
  "ellipsis-v-alt": 62364,
  "ember": 62499,
  "empire": 61905,
  "envelope": 61664,
  "envelope-open": 62134,
  "envelope-square": 61849,
  "envira": 62105,
  "eraser": 61741,
  "erlang": 62365,
  "ethereum": 62510,
  "etsy": 62167,
  "euro-sign": 61779,
  "exchange": 61676,
  "exchange-alt": 62306,
  "exclamation": 61738,
  "exclamation-circle": 61546,
  "exclamation-square": 62241,
  "exclamation-triangle": 61553,
  "expand": 61541,
  "expand-alt": 62500,
  "expand-arrows": 62237,
  "expand-arrows-alt": 62238,
  "expand-wide": 62240,
  "expeditedssl": 62014,
  "external-link": 61582,
  "external-link-alt": 62301,
  "external-link-square": 61772,
  "external-link-square-alt": 62304,
  "eye": 61550,
  "eye-dropper": 61947,
  "eye-slash": 61552,
  "facebook": 61594,
  "facebook-f": 62366,
  "facebook-messenger": 62367,
  "facebook-square": 61570,
  "fast-backward": 61513,
  "fast-forward": 61520,
  "fax": 61868,
  "female": 61826,
  "fighter-jet": 61691,
  "file": 61787,
  "file-alt": 61788,
  "file-archive": 61894,
  "file-audio": 61895,
  "file-check": 62230,
  "file-code": 61897,
  "file-edit": 62236,
  "file-excel": 61891,
  "file-exclamation": 62234,
  "file-image": 61893,
  "file-minus": 62232,
  "file-pdf": 61889,
  "file-plus": 62233,
  "file-powerpoint": 61892,
  "file-times": 62231,
  "file-video": 61896,
  "file-word": 61890,
  "film": 61448,
  "film-alt": 62368,
  "filter": 61616,
  "fire": 61549,
  "fire-extinguisher": 61748,
  "firefox": 62057,
  "first-order": 62128,
  "firstdraft": 62369,
  "flag": 61476,
  "flag-checkered": 61726,
  "flask": 61635,
  "flickr": 61806,
  "fly": 62487,
  "folder": 61563,
  "folder-open": 61564,
  "font": 61489,
  "font-awesome": 62132,
  "font-awesome-alt": 62300,
  "font-awesome-flag": 62501,
  "fonticons": 62080,
  "fonticons-fi": 62370,
  "fort-awesome": 62086,
  "fort-awesome-alt": 62371,
  "forumbee": 61969,
  "forward": 61518,
  "foursquare": 61824,
  "free-code-camp": 62149,
  "freebsd": 62372,
  "frown": 61721,
  "futbol": 61923,
  "gamepad": 61723,
  "gavel": 61667,
  "gem": 62373,
  "genderless": 61997,
  "get-pocket": 62053,
  "gg": 62048,
  "gg-circle": 62049,
  "gift": 61547,
  "git": 61907,
  "git-square": 61906,
  "github": 61595,
  "github-alt": 61715,
  "github-square": 61586,
  "gitkraken": 62374,
  "gitlab": 62102,
  "gitter": 62502,
  "glass-martini": 61440,
  "glide": 62117,
  "glide-g": 62118,
  "globe": 61612,
  "gofore": 62375,
  "goodreads": 62376,
  "goodreads-g": 62377,
  "google": 61856,
  "google-drive": 62378,
  "google-play": 62379,
  "google-plus": 62131,
  "google-plus-g": 61653,
  "google-plus-square": 61652,
  "google-wallet": 61934,
  "graduation-cap": 61853,
  "gratipay": 61828,
  "grav": 62166,
  "gripfire": 62380,
  "grunt": 62381,
  "gulp": 62382,
  "h-square": 61693,
  "h1": 62227,
  "h2": 62228,
  "h3": 62229,
  "hacker-news": 61908,
  "hacker-news-square": 62383,
  "hand-lizard": 62040,
  "hand-paper": 62038,
  "hand-peace": 62043,
  "hand-point-down": 61607,
  "hand-point-left": 61605,
  "hand-point-right": 61604,
  "hand-point-up": 61606,
  "hand-pointer": 62042,
  "hand-rock": 62037,
  "hand-scissors": 62039,
  "hand-spock": 62041,
  "handshake": 62133,
  "hashtag": 62098,
  "hdd": 61600,
  "heading": 61916,
  "headphones": 61477,
  "heart": 61444,
  "heartbeat": 61982,
  "hexagon": 62226,
  "hire-a-helper": 62384,
  "history": 61914,
  "home": 61461,
  "hooli": 62503,
  "hospital": 61688,
  "hotjar": 62385,
  "hourglass": 62036,
  "hourglass-end": 62035,
  "hourglass-half": 62034,
  "hourglass-start": 62033,
  "houzz": 62076,
  "html5": 61755,
  "hubspot": 62386,
  "i-cursor": 62022,
  "id-badge": 62145,
  "id-card": 62146,
  "image": 61502,
  "images": 62210,
  "imdb": 62168,
  "inbox": 61468,
  "inbox-in": 62224,
  "inbox-out": 62225,
  "indent": 61500,
  "industry": 62069,
  "industry-alt": 62387,
  "info": 61737,
  "info-circle": 61530,
  "info-square": 62223,
  "instagram": 61805,
  "internet-explorer": 62059,
  "ioxhost": 61960,
  "italic": 61491,
  "itunes": 62388,
  "itunes-note": 62389,
  "jack-o-lantern": 62222,
  "jenkins": 62390,
  "joget": 62391,
  "joomla": 61866,
  "js": 62392,
  "js-square": 62393,
  "jsfiddle": 61900,
  "key": 61572,
  "keyboard": 61724,
  "keycdn": 62394,
  "kickstarter": 62395,
  "kickstarter-k": 62396,
  "korvue": 62511,
  "language": 61867,
  "laptop": 61705,
  "laravel": 62397,
  "lastfm": 61954,
  "lastfm-square": 61955,
  "leaf": 61548,
  "leanpub": 61970,
  "lemon": 61588,
  "less": 62493,
  "level-down": 61769,
  "level-down-alt": 62398,
  "level-up": 61768,
  "level-up-alt": 62399,
  "life-ring": 61901,
  "lightbulb": 61675,
  "line": 62400,
  "link": 61633,
  "linkedin": 61580,
  "linkedin-in": 61665,
  "linode": 62136,
  "linux": 61820,
  "lira-sign": 61845,
  "list": 61498,
  "list-alt": 61474,
  "list-ol": 61643,
  "list-ul": 61642,
  "location-arrow": 61732,
  "lock": 61475,
  "lock-alt": 62221,
  "lock-open": 62401,
  "lock-open-alt": 62402,
  "long-arrow-alt-down": 62217,
  "long-arrow-alt-left": 62218,
  "long-arrow-alt-right": 62219,
  "long-arrow-alt-up": 62220,
  "long-arrow-down": 61813,
  "long-arrow-left": 61815,
  "long-arrow-right": 61816,
  "long-arrow-up": 61814,
  "low-vision": 62120,
  "lyft": 62403,
  "magento": 62404,
  "magic": 61648,
  "magnet": 61558,
  "male": 61827,
  "map": 62073,
  "map-marker": 61505,
  "map-marker-alt": 62405,
  "map-pin": 62070,
  "map-signs": 62071,
  "mars": 61986,
  "mars-double": 61991,
  "mars-stroke": 61993,
  "mars-stroke-h": 61995,
  "mars-stroke-v": 61994,
  "maxcdn": 61750,
  "medapps": 62406,
  "medium": 62010,
  "medium-m": 62407,
  "medkit": 61690,
  "medrt": 62408,
  "meetup": 62176,
  "meh": 61722,
  "mercury": 61987,
  "microchip": 62171,
  "microphone": 61744,
  "microphone-alt": 62409,
  "microphone-slash": 61745,
  "microsoft": 62410,
  "minus": 61544,
  "minus-circle": 61526,
  "minus-hexagon": 62215,
  "minus-octagon": 62216,
  "minus-square": 61766,
  "mix": 62411,
  "mixcloud": 62089,
  "mizuni": 62412,
  "mobile": 61707,
  "mobile-alt": 62413,
  "mobile-android": 62414,
  "mobile-android-alt": 62415,
  "modx": 62085,
  "monero": 62416,
  "money-bill": 61654,
  "money-bill-alt": 62417,
  "moon": 61830,
  "motorcycle": 61980,
  "mouse-pointer": 62021,
  "music": 61441,
  "napster": 62418,
  "neuter": 61996,
  "newspaper": 61930,
  "nintendo-switch": 62488,
  "node": 62489,
  "node-js": 62419,
  "npm": 62420,
  "ns8": 62421,
  "nutritionix": 62422,
  "object-group": 62023,
  "object-ungroup": 62024,
  "octagon": 62214,
  "odnoklassniki": 62051,
  "odnoklassniki-square": 62052,
  "opencart": 62013,
  "openid": 61851,
  "opera": 62058,
  "optin-monster": 62012,
  "osi": 62490,
  "outdent": 61499,
  "page4": 62423,
  "pagelines": 61836,
  "paint-brush": 61948,
  "palfed": 62424,
  "paper-plane": 61912,
  "paperclip": 61638,
  "paragraph": 61917,
  "paste": 61674,
  "patreon": 62425,
  "pause": 61516,
  "pause-circle": 62091,
  "paw": 61872,
  "paypal": 61933,
  "pen": 62212,
  "pen-alt": 62213,
  "pen-square": 61771,
  "pencil": 61504,
  "pencil-alt": 62211,
  "percent": 62101,
  "periscope": 62426,
  "phabricator": 62427,
  "phoenix-framework": 62428,
  "phone": 61589,
  "phone-slash": 62429,
  "phone-square": 61592,
  "phone-volume": 62112,
  "pied-piper": 62126,
  "pied-piper-alt": 61864,
  "pied-piper-pp": 61863,
  "pinterest": 61650,
  "pinterest-p": 62001,
  "pinterest-square": 61651,
  "plane": 61554,
  "plane-alt": 62430,
  "play": 61515,
  "play-circle": 61764,
  "playstation": 62431,
  "plug": 61926,
  "plus": 61543,
  "plus-circle": 61525,
  "plus-hexagon": 62208,
  "plus-octagon": 62209,
  "plus-square": 61694,
  "podcast": 62158,
  "poo": 62206,
  "portrait": 62432,
  "pound-sign": 61780,
  "power-off": 61457,
  "print": 61487,
  "product-hunt": 62088,
  "pushed": 62433,
  "puzzle-piece": 61742,
  "python": 62434,
  "qq": 61910,
  "qrcode": 61481,
  "question": 61736,
  "question-circle": 61529,
  "question-square": 62205,
  "quora": 62148,
  "quote-left": 61709,
  "quote-right": 61710,
  "random": 61556,
  "ravelry": 62169,
  "react": 62491,
  "rebel": 61904,
  "rectangle-landscape": 62202,
  "rectangle-portrait": 62203,
  "rectangle-wide": 62204,
  "recycle": 61880,
  "red-river": 62435,
  "reddit": 61857,
  "reddit-alien": 62081,
  "reddit-square": 61858,
  "redo": 61470,
  "redo-alt": 62201,
  "registered": 62045,
  "rendact": 62436,
  "renren": 61835,
  "repeat": 62307,
  "repeat-1": 62309,
  "repeat-1-alt": 62310,
  "repeat-alt": 62308,
  "reply": 62437,
  "reply-all": 61730,
  "replyd": 62438,
  "resolving": 62439,
  "retweet": 61561,
  "retweet-alt": 62305,
  "road": 61464,
  "rocket": 61749,
  "rocketchat": 62440,
  "rockrms": 62441,
  "rss": 61598,
  "rss-square": 61763,
  "ruble-sign": 61784,
  "rupee-sign": 61782,
  "safari": 62055,
  "sass": 62494,
  "save": 61639,
  "schlix": 62442,
  "scribd": 62090,
  "scrubber": 62200,
  "search": 61442,
  "search-minus": 61456,
  "search-plus": 61454,
  "searchengin": 62443,
  "sellcast": 62170,
  "sellsy": 61971,
  "server": 62003,
  "servicestack": 62444,
  "share": 61540,
  "share-all": 62311,
  "share-alt": 61920,
  "share-alt-square": 61921,
  "share-square": 61773,
  "shekel-sign": 61963,
  "shield": 61746,
  "shield-alt": 62445,
  "shield-check": 62199,
  "ship": 61978,
  "shirtsinbulk": 61972,
  "shopping-bag": 62096,
  "shopping-basket": 62097,
  "shopping-cart": 61562,
  "shower": 62156,
  "sign-in": 61584,
  "sign-in-alt": 62198,
  "sign-language": 62119,
  "sign-out": 61579,
  "sign-out-alt": 62197,
  "signal": 61458,
  "simplybuilt": 61973,
  "sistrix": 62446,
  "sitemap": 61672,
  "skyatlas": 61974,
  "skype": 61822,
  "slack": 61848,
  "slack-hash": 62447,
  "sliders-h": 61918,
  "sliders-h-square": 62448,
  "sliders-v": 62449,
  "sliders-v-square": 62450,
  "slideshare": 61927,
  "smile": 61720,
  "snapchat": 62123,
  "snapchat-ghost": 62124,
  "snapchat-square": 62125,
  "snowflake": 62172,
  "sort": 61660,
  "sort-alpha-down": 61789,
  "sort-alpha-up": 61790,
  "sort-amount-down": 61792,
  "sort-amount-up": 61793,
  "sort-down": 61661,
  "sort-numeric-down": 61794,
  "sort-numeric-up": 61795,
  "sort-up": 61662,
  "soundcloud": 61886,
  "space-shuttle": 61847,
  "spade": 62196,
  "speakap": 62451,
  "spinner": 61712,
  "spinner-third": 62452,
  "spotify": 61884,
  "square": 61640,
  "stack-exchange": 61837,
  "stack-overflow": 61804,
  "star": 61445,
  "star-exclamation": 62195,
  "star-half": 61577,
  "staylinked": 62453,
  "steam": 61878,
  "steam-square": 61879,
  "steam-symbol": 62454,
  "step-backward": 61512,
  "step-forward": 61521,
  "stethoscope": 61681,
  "sticker-mule": 62455,
  "sticky-note": 62025,
  "stop": 61517,
  "stop-circle": 62093,
  "stopwatch": 62194,
  "strava": 62504,
  "street-view": 61981,
  "strikethrough": 61644,
  "stripe": 62505,
  "stripe-s": 62506,
  "studiovinari": 62456,
  "stumbleupon": 61860,
  "stumbleupon-circle": 61859,
  "subscript": 61740,
  "subway": 62009,
  "suitcase": 61682,
  "sun": 61829,
  "superpowers": 62173,
  "superscript": 61739,
  "supple": 62457,
  "sync": 61473,
  "sync-alt": 62193,
  "table": 61646,
  "tablet": 61706,
  "tablet-alt": 62458,
  "tablet-android": 62459,
  "tablet-android-alt": 62460,
  "tachometer": 61668,
  "tachometer-alt": 62461,
  "tag": 61483,
  "tags": 61484,
  "tasks": 61614,
  "taxi": 61882,
  "telegram": 62150,
  "telegram-plane": 62462,
  "tencent-weibo": 61909,
  "terminal": 61728,
  "text-height": 61492,
  "text-width": 61493,
  "th": 61450,
  "th-large": 61449,
  "th-list": 61451,
  "themeisle": 62130,
  "thermometer-empty": 62155,
  "thermometer-full": 62151,
  "thermometer-half": 62153,
  "thermometer-quarter": 62154,
  "thermometer-three-quarters": 62152,
  "thumbs-down": 61797,
  "thumbs-up": 61796,
  "thumbtack": 61581,
  "ticket": 61765,
  "ticket-alt": 62463,
  "times": 61453,
  "times-circle": 61527,
  "times-hexagon": 62190,
  "times-octagon": 62192,
  "times-square": 62163,
  "tint": 61507,
  "toggle-off": 61956,
  "toggle-on": 61957,
  "trademark": 62044,
  "train": 62008,
  "transgender": 61988,
  "transgender-alt": 61989,
  "trash": 61944,
  "trash-alt": 62189,
  "tree": 61883,
  "tree-alt": 62464,
  "trello": 61825,
  "triangle": 62188,
  "tripadvisor": 62050,
  "trophy": 61585,
  "trophy-alt": 62187,
  "truck": 61649,
  "tty": 61924,
  "tumblr": 61811,
  "tumblr-square": 61812,
  "tv": 62060,
  "tv-retro": 62465,
  "twitch": 61928,
  "twitter": 61593,
  "twitter-square": 61569,
  "typo3": 62507,
  "uber": 62466,
  "uikit": 62467,
  "umbrella": 61673,
  "underline": 61645,
  "undo": 61666,
  "undo-alt": 62186,
  "uniregistry": 62468,
  "universal-access": 62106,
  "university": 61852,
  "unlink": 61735,
  "unlock": 61596,
  "unlock-alt": 61758,
  "untappd": 62469,
  "upload": 61587,
  "usb": 62087,
  "usd-circle": 62184,
  "usd-square": 62185,
  "user": 61447,
  "user-alt": 62470,
  "user-circle": 62141,
  "user-md": 61680,
  "user-plus": 62004,
  "user-secret": 61979,
  "user-times": 62005,
  "users": 61632,
  "ussunnah": 62471,
  "utensil-fork": 62179,
  "utensil-knife": 62180,
  "utensil-spoon": 62181,
  "utensils": 62183,
  "utensils-alt": 62182,
  "vaadin": 62472,
  "venus": 61985,
  "venus-double": 61990,
  "venus-mars": 61992,
  "viacoin": 62007,
  "viadeo": 62121,
  "viadeo-square": 62122,
  "viber": 62473,
  "video": 61501,
  "vimeo": 62474,
  "vimeo-square": 61844,
  "vimeo-v": 62077,
  "vine": 61898,
  "vk": 61833,
  "vnv": 62475,
  "volume-down": 61479,
  "volume-mute": 62178,
  "volume-off": 61478,
  "volume-up": 61480,
  "vuejs": 62495,
  "watch": 62177,
  "weibo": 61834,
  "weixin": 61911,
  "whatsapp": 62002,
  "whatsapp-square": 62476,
  "wheelchair": 61843,
  "whmcs": 62477,
  "wifi": 61931,
  "wikipedia-w": 62054,
  "window": 62478,
  "window-alt": 62479,
  "window-close": 62480,
  "window-maximize": 62160,
  "window-minimize": 62161,
  "window-restore": 62162,
  "windows": 61818,
  "won-sign": 61785,
  "wordpress": 61850,
  "wordpress-simple": 62481,
  "wpbeginner": 62103,
  "wpexplorer": 62174,
  "wpforms": 62104,
  "wrench": 61613,
  "xbox": 62482,
  "xing": 61800,
  "xing-square": 61801,
  "y-combinator": 62011,
  "yahoo": 61854,
  "yandex": 62483,
  "yandex-international": 62484,
  "yelp": 61929,
  "yen-sign": 61783,
  "yoast": 62129,
  "youtube": 61799,
  "warehouse": 62612
}
